{
    "compute_key": [
        {
            "p": 19,
            "q": 71,
            "n": 1349,
            "phi": 1260,
            "e": 37,
            "cp_index": 8,
            "d": 613,
            "msg": 75,
            "cipher": 797
        },
        {
            "p": 47,
            "q": 83,
            "n": 3901,
            "phi": 3772,
            "e": 19,
            "cp_index": 9,
            "d": 3375,
            "msg": 47,
            "cipher": 752
        },
        {
            "p": 19,
            "q": 67,
            "n": 1273,
            "phi": 1188,
            "e": 35,
            "cp_index": 10,
            "d": 611,
            "msg": 62,
            "cipher": 1030
        },
        {
            "p": 43,
            "q": 97,
            "n": 4171,
            "phi": 4032,
            "e": 37,
            "cp_index": 10,
            "d": 109,
            "msg": 48,
            "cipher": 1250
        },
        {
            "p": 19,
            "q": 67,
            "n": 1273,
            "phi": 1188,
            "e": 23,
            "cp_index": 6,
            "d": 155,
            "msg": 90,
            "cipher": 181
        }
    ],
    "encryption": [
        {
            "p": 19,
            "q": 59,
            "n": 1121,
            "phi": 1044,
            "e": 13,
            "cp_index": 4,
            "d": 241,
            "msg": 100,
            "cipher": 492
        },
        {
            "p": 37,
            "q": 79,
            "n": 2923,
            "phi": 2808,
            "e": 19,
            "cp_index": 5,
            "d": 739,
            "msg": 37,
            "cipher": 1702
        },
        {
            "p": 43,
            "q": 73,
            "n": 3139,
            "phi": 3024,
            "e": 5,
            "cp_index": 1,
            "d": 605,
            "msg": 41,
            "cipher": 1989
        },
        {
            "p": 29,
            "q": 61,
            "n": 1769,
            "phi": 1680,
            "e": 11,
            "cp_index": 1,
            "d": 611,
            "msg": 93,
            "cipher": 1546
        },
        {
            "p": 23,
            "q": 73,
            "n": 1679,
            "phi": 1584,
            "e": 23,
            "cp_index": 6,
            "d": 551,
            "msg": 38,
            "cipher": 1441
        }
    ],
    "decryption": [
        {
            "p": 11,
            "q": 47,
            "n": 517,
            "phi": 460,
            "e": 11,
            "cp_index": 4,
            "d": 251,
            "msg": 48,
            "cipher": 48
        },
        {
            "p": 37,
            "q": 73,
            "n": 2701,
            "phi": 2592,
            "e": 7,
            "cp_index": 2,
            "d": 1111,
            "msg": 70,
            "cipher": 2412
        },
        {
            "p": 19,
            "q": 41,
            "n": 779,
            "phi": 720,
            "e": 19,
            "cp_index": 5,
            "d": 379,
            "msg": 45,
            "cipher": 482
        },
        {
            "p": 43,
            "q": 73,
            "n": 3139,
            "phi": 3024,
            "e": 31,
            "cp_index": 9,
            "d": 1951,
            "msg": 56,
            "cipher": 1262
        },
        {
            "p": 53,
            "q": 97,
            "n": 5141,
            "phi": 4992,
            "e": 35,
            "cp_index": 10,
            "d": 3851,
            "msg": 66,
            "cipher": 2005
        }
    ]
}